tweet_id,text,timestamp
0, Enjoying a beautiful day at the park!              ,1/15/2023 12:30
1, Traffic was terrible this morning.                 ,1/15/2023 8:45
2, Just finished an amazing workout! üí™               ,1/15/2023 15:45
3, Excited about the upcoming weekend getaway!        ,1/15/2023 18:20
4, Trying out a new recipe for dinner tonight.        ,1/15/2023 19:55
5, Feeling grateful for the little things in life.    ,1/16/2023 9:10
6, Rainy days call for cozy blankets and hot cocoa.   ,1/16/2023 14:45
7, The new movie release is a must-watch!             ,1/16/2023 19:30
8, Political discussions heating up on the timeline.  ,1/17/2023 8:00
9, Missing summer vibes and beach days.               ,1/17/2023 12:20
10, Just published a new blog post. Check it out!      ,1/17/2023 15:15
11, Feeling a bit under the weather today.             ,1/18/2023 10:30
12, Exploring the city's hidden gems.                  ,1/18/2023 14:50
13," New year, new fitness goals! üí™                    ",1/18/2023 18:00
14, Technology is changing the way we live.            ,1/19/2023 9:45
15, Reflecting on the past and looking ahead.          ,1/19/2023 13:20
16, Just adopted a cute furry friend! üêæ              ,1/19/2023 17:10
17, Late-night gaming session with friends.            ,1/20/2023 0:05
18, Attending a virtual conference on AI.              ,1/20/2023 11:30
19, Winter blues got me feeling low.                   ,1/20/2023 15:15
20, Sipping coffee and enjoying a good book.           ,1/21/2023 8:40
21, Exploring the world of virtual reality.            ,1/21/2023 13:20
22, Productive day ticking off my to-do list.          ,1/21/2023 16:45
23, Just finished a challenging workout routine.       ,1/22/2023 9:15
24, Celebrating a milestone at work! üéâ               ,1/22/2023 14:30
25, Sunday brunch with friends.                        ,1/22/2023 12:00
27, Learning a new language for personal growth.       ,1/23/2023 16:20
28, Quiet evening with a good book.                    ,1/23/2023 19:45
29, Reflecting on the importance of mental health.     ,1/24/2023 11:30
30, New painting in progress! üé®                       ,1/24/2023 15:00
31, Weekend road trip to explore scenic views.         ,1/24/2023 17:30
32, Enjoying a cup of tea and watching the sunset.     ,1/25/2023 18:00
33, Coding a new project with enthusiasm.              ,1/25/2023 13:15
34, Feeling inspired after attending a workshop.       ,1/26/2023 9:45
35, Winter sports day at the local park.               ,1/26/2023 14:20
36, Quality time with family this weekend.             ,1/26/2023 17:40
37, Attending a live music concert tonight.            ,1/27/2023 20:00
38, Practicing mindfulness with meditation.            ,1/27/2023 12:30
39, Trying out a new dessert recipe.                   ,1/27/2023 16:10
40, Excited about the upcoming gaming tournament.      ,1/28/2023 9:00
41, Planning a garden makeover for spring.             ,1/28/2023 14:45
42, Celebrating a friend's birthday tonight! üéÇ       ,1/28/2023 19:30
43, Feeling accomplished after a productive day.       ,1/29/2023 17:00
44, A cozy evening with a good movie.                 ,1/29/2023 20:20
45, Exploring local art galleries this weekend.        ,1/30/2023 11:30
46, New book release from my favorite author!          ,1/30/2023 15:45
47, Attending a virtual reality meetup.                ,1/30/2023 18:30
48, Reflecting on the beauty of nature.                ,1/31/2023 10:45
49, Cooking a special dinner for loved ones.           ,1/31/2023 19:00
50, Feeling optimistic about the week ahead.           ,1/31/2023 16:20
51, Starting a new fitness challenge tomorrow! üí™     ,2/1/2023 8:00
52, Sunday bike ride through scenic trails.           ,2/1/2023 13:30
53, Can't believe the injustice happening in our society.,2/11/2023 9:30
54, Feeling a sense of fear after watching a thriller movie. ,2/11/2023 21:15
55, Heartbroken after hearing the news about a natural disaster. ,2/12/2023 14:45
56, The state of the world's environment is just disgusting. ,2/12/2023 18:20
57, Pure happiness: celebrating a loved one's achievement! ,2/13/2023 10:00
58, Laughter is the best medicine‚Äîenjoying a comedy show. ,2/13/2023 19:30
59, Sharing love and positive vibes with everyone! ‚ù§Ô∏è      ,2/14/2023 8:30
60, An amusing incident brightened up my day!               ,2/14/2023 14:20
61, Enjoying a quiet evening with a book and some tea.      ,2/14/2023 19:45
62, Admiring the beauty of nature during a peaceful hike.   ,2/15/2023 11:30
63, Sending affectionate vibes to all my followers!          ,2/15/2023 16:00
64, Experiencing awe at the breathtaking sunset.            ,2/15/2023 20:30
65, Disappointed with the service at a local restaurant.    ,2/16/2023 9:00
66, A surprise gift from a friend made my day!              ,2/16/2023 14:45
67, Finding acceptance in the midst of life's challenges.   ,2/16/2023 18:20
68, Overflowing with adoration for my adorable pet! üêæ      ,2/17/2023 10:45
69, Anticipating a thrilling adventure in the coming weeks. ,2/17/2023 7:30
70, A bitter experience turned into a valuable lesson.      ,2/17/2023 15:00
71, Finding calmness in the midst of a busy day.            ,2/18/2023 9:30
72, Confusion clouds my mind as I navigate through decisions.,2/18/2023 14:20
73, Excitement building up for the upcoming vacation!       ,2/18/2023 18:45
74, Kindness witnessed today restored my faith in humanity. ,2/19/2023 11:30
75, Pride in achieving a personal milestone.               ,2/19/2023 16:00
76, A moment of shame for not standing up against injustice. ,2/19/2023 19:45
77, Fuming with anger after a heated argument.            ,2/20/2023 9:30
78, The fear of the unknown is keeping me up at night.    ,2/20/2023 21:15
79, Heartfelt sadness after bidding farewell to a dear friend. ,2/21/2023 14:45
80, The state of corruption in our society is utterly disgusting. ,2/21/2023 18:20
81, Overflowing happiness: welcoming a new family member!  ,2/22/2023 10:00
82, Laughter is the key to joy‚Äîattending a stand-up comedy show. ,2/22/2023 19:30
83, Sending love to all my followers on this beautiful day! ‚ù§Ô∏è ,2/23/2023 8:30
84, Amused by the antics of my pet‚Äîit's pure amusement!      ,2/23/2023 14:20
85, Enjoying every moment of this trip‚Äîpure enjoyment!      ,2/23/2023 19:45
86, Admiring the dedication of volunteers at a local charity. ,2/24/2023 11:30
87, Sending affectionate vibes to friends and family.        ,2/24/2023 16:00
88, Awe-struck by the beauty of the night sky.               ,2/24/2023 20:30
89, Disappointed with the lack of progress in a personal project. ,2/25/2023 9:00
90, A surprise visit from an old friend brought tears of joy. ,2/25/2023 14:45
91, Embracing acceptance of life's ups and downs.           ,2/25/2023 18:20
92, Overflowing adoration for a cute rescue puppy! üê∂       ,2/26/2023 10:45
93, Anticipating the release of a much-awaited movie.       ,2/26/2023 7:30
94, Bitter experience at the customer service department.   ,2/26/2023 15:00
95, Finding calmness amidst the chaos of daily life.        ,2/27/2023 9:30
96, Confusion reigns as I try to make sense of recent events.,2/27/2023 14:20
97, Excitement building up for a surprise birthday party.   ,2/27/2023 18:45
98, Witnessed an act of kindness that made my day.          ,2/28/2023 11:30
99, Pride in completing a challenging fitness challenge.    ,2/28/2023 16:00
100, A moment of shame for not speaking up against injustice.,2/28/2023 19:45
101, Reflecting on the beauty of diversity in our world.     ,3/1/2023 10:45
102, Excitement for a quiet evening with a good book.        ,3/1/2023 13:30
103, Feeling bitter about the unfairness in the workplace.   ,3/1/2023 17:45
104, Calmness prevails as I practice mindfulness.            ,3/2/2023 18:00
105, Confusion surrounds me as I navigate through life's choices. ,3/2/2023 13:15
106, Excitement for a weekend road trip to explore new places. ,3/2/2023 16:45
107, Kindness witnessed today restores my faith in humanity.  ,3/3/2023 11:30
108, Pride in accomplishing personal and professional goals.  ,3/3/2023 14:30
109, Shame for not being true to my values in a difficult situation.,3/3/2023 12:00
110," Revisiting old memories, feeling a sense of elation. ",5/15/2010 15:30
111, The victory of our team brought euphoria to the city. ,8/10/2021 21:15
112," Embracing the beauty of nature, a moment of contentment. ",6/20/2011 14:45
113," Meditating by the serene lake, finding inner peace.   ",2/12/2022 18:20
114, Overflowing with gratitude for life's blessings.      ,11/25/2012 10:00
115," Hopeful for a brighter tomorrow, despite challenges.  ",4/5/2013 19:30
116, Empowered to make a difference in my community.        ,9/14/2014 8:30
117, Compassion in action: supporting a local charity event. ,7/18/2015 14:20
118," A moment of tenderness, connecting with loved ones.    ",2/23/2016 19:45
119, Arousal of excitement as I await a special announcement.,10/30/2017 11:30
120, Enthusiastically diving into a new project.            ,6/15/2018 16:00
121, Feeling a sense of fulfillment after reaching a milestone.,3/28/2019 18:20
122, Reverence for the beauty of a historic landmark.       ,11/11/2019 15:00
123, Elation after a surprise reunion with old friends.    ,4/2/2020 9:30
124, The euphoria of a live music concert under the stars.  ,6/19/2021 14:45
125, Contentment in the simplicity of a quiet Sunday.       ,8/15/2010 10:00
126, Serenity found in the pages of a favorite book.        ,9/22/2011 19:30
127, Gratitude for the support received during tough times. ,3/10/2012 8:30
128, Hopeful about the possibilities of a new journey.      ,12/5/2013 16:00
129, Empowerment through learning and personal growth.      ,7/20/2014 11:30
130, Compassion towards those in need during the holidays.  ,12/22/2015 14:20
131, Tenderness in the warmth of a cozy winter evening.     ,2/10/2016 19:45
132, Arousal of excitement for an upcoming adventure.       ,4/30/2017 11:30
133, Enthusiasm for a creative project in the making.       ,9/15/2018 16:00
134, Fulfillment in completing a challenging workout routine.,6/28/2019 18:20
135, Reverence for the artistry displayed in a museum.      ,11/11/2020 15:00
136, Elation after achieving a personal goal.               ,3/2/2021 9:30
137, Elation over discovering a hidden gem in the city.   ,2/18/2012 14:30
138, The euphoria of a surprise birthday celebration.     ,11/5/2018 21:45
139, Contentment in the simplicity of a home-cooked meal. ,9/12/2015 13:20
140, Serenity found in the melody of a peaceful piano.    ,7/30/2016 18:10
141, Gratitude for the supportive community around me.    ,4/20/2013 10:30
142, Hopeful about the prospects of a new business venture.,12/8/2017 19:15
143, Empowerment through mentoring and guiding others.    ,6/3/2014 8:20
144, Compassion shown through acts of kindness in the community.,1/15/2019 14:50
145, Tenderness in a heartfelt message to a loved one.    ,12/25/2016 19:30
146, Arousal of excitement before a much-awaited trip.    ,3/10/2018 9:45
147, Enthusiasm for a new artistic project in the works.  ,9/17/2020 16:30
148, Feeling a sense of fulfillment after helping others. ,8/28/2011 18:45
149, Reverence for the historical significance of a landmark.,11/1/2017 15:30
150, Elation after achieving a fitness milestone.         ,6/15/2019 10:00
151, The euphoria of a successful product launch.         ,4/3/2022 11:45
152, Contentment in the embrace of a loved one.           ,11/12/2010 20:20
153, Serenity found in the beauty of a sunset by the sea.  ,7/22/2011 18:30
154, Gratitude for the small joys that each day brings.   ,3/30/2012 11:20
155, Hopeful about the potential for personal growth.      ,10/5/2013 16:40
156, Empowerment through learning a new skill.            ,7/10/2014 13:15
157, Compassion in volunteering for a local charity.       ,12/18/2015 14:20
158, Tenderness in a quiet moment shared with a pet.      ,2/10/2016 19:45
159, Arousal of excitement for an upcoming festival.       ,9/25/2017 11:30
160, Enthusiasm for a DIY home improvement project.       ,4/15/2018 16:00
161, Fulfillment in completing a challenging puzzle.      ,11/28/2019 18:20
162, Reverence for the wonders of nature on a hiking trail.,5/11/2020 15:00
163, Elation after a surprise reunion with a childhood friend.,2/5/2021 9:30
164, Suffering from despair after another setback.      ,3/10/2021 8:30
165," Overwhelmed by grief, missing a loved one dearly.  ",7/5/2022 15:45
166, Loneliness creeps in as the night grows colder.    ,11/18/2019 21:20
167, Jealousy consumes me as I witness others' success. ,8/12/2020 11:30
168, Resentment building up over past betrayals.        ,5/22/2018 14:45
169, Frustration mounts as obstacles block my path.     ,1/30/2017 16:10
170," Boredom sets in, the day feels endlessly dull.     ",9/28/2016 19:45
171," Anxiety grips my heart, worry clouds my thoughts.  ",4/15/2019 9:00
172, Intimidation by the unknown future ahead.          ,12/3/2021 18:30
173, Helplessness sinks in as challenges pile up.       ,6/20/2020 14:20
174, Envy eats away at me as I see others' prosperity.  ,11/7/2018 11:30
175, Regret over missed opportunities haunts my thoughts.,8/25/2017 16:00
176, Disgust at the sight of injustice and cruelty.     ,2/11/2019 9:45
177," Drowning in despair, hope slipping through my fingers.",4/2/2016 20:20
178," Grief weighs heavy, tears a constant companion.    ",10/18/2015 15:30
179," Loneliness in a crowded room, a silent cry for connection.",7/12/2019 18:10
180," Jealousy gnaws at my confidence, a toxic emotion.  ",6/3/2018 16:30
181," Resentment festers, poisoning relationships.       ",1/15/2022 12:00
182," Frustration boils over, a volcanic eruption of emotions.",4/10/2017 14:45
183," Boredom settles like dust, life feels mundane.     ",11/28/2016 19:00
184," Anxiety grips my chest, a relentless grip on my thoughts.",9/5/2018 9:30
185," Intimidation by the challenges ahead, fear takes hold.",10/22/2021 18:30
186," Helplessness engulfs me, drowning in a sea of problems.",5/8/2019 14:20
187," Envy poisons my thoughts, coveting others' success.",3/20/2017 11:30
188, Regret for decisions that led to a painful present.,12/15/2018 16:00
189, Disgust at the corruption that stains society.     ,7/1/2016 9:45
190," Sinking in despair, each day darker than the last. ",8/20/2020 20:20
191," Grief overwhelms, a storm of emotions within.      ",2/25/2021 15:30
192," Loneliness echoes in empty spaces, yearning for connection.",9/12/2019 18:10
193," Jealousy poisons my thoughts, resentment brewing within.",8/5/2018 16:30
194," Resentment festers, a wound that refuses to heal.  ",1/12/2017 12:00
195," Frustration escalates, a thunderstorm of emotions. ",4/5/2022 14:45
196," Boredom lingers, a stagnant pool of indifference.  ",10/2/2021 19:00
197," Embarking on a journey of discovery, fueled by curiosity and a thirst for knowledge. ",4/15/2023 10:15
198," Lost in the vast sea of information, an indifferent wave in the digital ocean. ",11/28/2022 17:30
199," The complex puzzle of life leaves me in a state of perpetual confusion, seeking answers in the chaos. ",4/2/2020 9:45
200," A numbness settles over me, a shield against the overwhelming emotions life throws my way. ",8/10/2021 14:00
201," Gazing at the sunset, a melancholic longing for moments that slip through the fingers of time. ",6/18/2019 20:45
202," Revisiting old photographs, caught in the embrace of nostalgia's bittersweet symphony. ",2/5/2018 15:15
203," Torn between conflicting emotions, an ambivalence that paints my decisions in shades of uncertainty. ",5/30/2022 11:30
204," Embracing the ebb and flow of life, finding acceptance in the dance of existence. ",1/10/2023 16:20
205," Facing challenges head-on, a determination that fuels the fire within to achieve the impossible. ",9/18/2020 13:45
206," Serenity found in the stillness of nature, a tranquil retreat from the chaos of the modern world. ",7/3/2021 19:00
207," Curiosity leading me down the rabbit hole of knowledge, a perpetual student in life's classroom. ",10/8/2022 8:15
208," Floating through the day with an air of indifference, detached from the mundane happenings around. ",3/22/2023 16:30
209," Entangled in the web of thoughts, confusion reigning as I navigate the labyrinth of ideas. ",5/15/2021 11:45
210," Numb to the chaos, emotions locked away, a stoic facade concealing the inner turmoil. ",12/28/2019 14:30
211," Melancholy whispers in the breeze, a silent conversation with the echoes of forgotten dreams. ",3/1/2020 19:00
212," Stumbling upon an old journal, nostalgia flooding in waves, carrying me to moments long gone. ",7/10/2018 15:45
213," A tapestry of conflicting feelings, weaving through uncertainty, caught in the threads of ambivalence. ",1/5/2022 10:30
214," Embracing the flaws, finding acceptance in imperfection, a journey towards self-love. ",8/20/2021 16:20
215," Determination burning like a wildfire, overcoming obstacles, turning dreams into reality. ",11/3/2019 13:45
216," Tranquil moments by the ocean, serenity washing over, a peaceful retreat within the waves' embrace. ",4/12/2020 19:30
217," Exploring new horizons with the spark of curiosity, an adventurer in the vast landscape of knowledge. ",4/15/2022 8:45
218," Drifting through the day with a nonchalant demeanor, embracing the art of indifference. ",2/10/2023 17:00
219," Wrestling with thoughts, a perplexed mind lost in the labyrinth of life's complexities. ",8/5/2020 12:15
220," Immersed in a state of emotional numbness, a shield against the storm of daily struggles. ",12/1/2021 15:30
221," A melancholic symphony playing in the background, the soundtrack of a wistful heart. ",3/25/2019 21:00
222," Flipping through the pages of an old yearbook, nostalgia painting smiles and tears on my face. ",6/18/2017 14:45
223," Torn between opposing emotions, an ambivalence that colors my decisions with shades of uncertainty. ",7/8/2022 11:30
224," Embracing life's imperfections, finding acceptance in the journey, scars and all. ",5/15/2023 16:20
225," A fiery determination burning within, fueled by the vision of reaching unparalleled heights. ",9/10/2021 14:45
226," Basking in the serenity of a quiet forest, where the whispers of nature bring peace to the soul. ",2/28/2020 18:30
227," Indifferent to the noise of the world, a silent observer in the midst of life's cacophony. ",3/10/2023 16:30
228," Navigating through the labyrinth of thoughts, confusion a constant companion in the maze of ideas. ",5/2/2021 11:45
229," An impenetrable numbness shields me from the emotional storms, a fortress of stoic resilience. ",10/18/2019 14:30
230," Melancholy painting the world in hues of nostalgia, a canvas of bittersweet memories. ",1/5/2020 20:00
231," A journey into the past, flipping through the pages of an old diary, nostalgia taking the lead. ",8/10/2018 15:45
232," Ambivalence clouding decisions, caught in the crossroads of conflicting emotions. ",1/15/2022 10:30
233," Embracing imperfections, finding acceptance in the mosaic of life's beautiful chaos. ",7/20/2021 16:20
234," Determination as the driving force, propelling me forward on the path to extraordinary achievements. ",12/3/2019 13:45
235," Seeking serenity in the melody of raindrops, a tranquil escape from the noise of everyday life. ",4/12/2020 19:30
236," Curiosity driving the exploration of the unknown, a seeker of knowledge in uncharted territories. ",5/8/2022 8:45
237," Drifting through the day with an air of nonchalance, indifferent to the trivialities of life. ",2/22/2023 17:00
238," Lost in the labyrinth of thoughts, confusion casting shadows on the quest for clarity. ",6/5/2020 12:15
239," Wrapped in the cloak of emotional numbness, a shield against the storms of life's turbulence. ",11/30/2021 15:30
240," Melancholy as a companion, painting the canvas of life with the brushstrokes of wistful yearning. ",2/25/2019 21:00
241," Leafing through the pages of an old photo album, nostalgia weaving tales of laughter and tears. ",5/18/2017 14:45
242," Ambivalence in the air, caught between the crossroads of conflicting emotions and decisions. ",8/5/2022 11:30
243," Embracing the beauty in imperfections, finding acceptance in the mosaic of life's unpredictable art. ",6/15/2023 16:20
244," Determination ablaze, forging a path through challenges, sculpting dreams into tangible realities. ",10/10/2021 14:45
245," Immerse in the serenity of a moonlit night, where the quiet whispers of nature bring peace to the soul. ",5/12/2020 19:30
246," Fueled by curiosity, venturing into uncharted realms, a fearless explorer of the mysteries of the world. ",12/1/2022 9:15
247,"Wrapped in the cloak of emotional numbness, a shield against the storms of life's turbulence. ",11/30/2021 15:30
248," Dancing through life with the exuberance of a carefree spirit, embracing joy and zest at every turn. ",7/12/2018 17:45
249," Basking in the golden glow of contentment, a serene river flowing through the landscape of the heart. ",9/5/2020 20:10
250," Gazing towards the horizon with hopeful eyes, painting a canvas of dreams illuminated by the sun of optimism. ",4/18/2022 8:00
251," Standing tall, proud as an oak, the branches of achievement reaching towards the sky of accomplishment. ",12/10/2019 12:20
252," A heart overflowing with gratitude, a garden where appreciation blooms in the soil of kindness and connection. ",2/28/2023 9:45
253," Extending a hand, empathetic threads weaving a tapestry of understanding, embracing the joys and sorrows of others. ",4/3/2018 14:15
254," Compassionate clouds, heavy with care, showering empathy on the parched grounds of human suffering. ",6/20/2022 10:30
255," Playfully dancing in the rain of laughter, a whimsical spirit twirling in the puddles of joy and lightheartedness. ",7/8/2020 18:00
256," Soaring on the wings of a free spirit, unburdened by the chains of conformity, painting the sky with independence. ",8/15/2021 11:10
257," Bathed in the glow of inspiration, a creative phoenix rising from the ashes of ordinary thoughts to explore new realms. ",10/25/2019 16:50
258," Navigating the sea of hope, sailing towards the sunrise of possibilities, confident in the ship of positive anticipation. ",10/5/2023 7:30
259," Striding with confidence, footprints of self-assuredness imprinted on the sands of challenges conquered and victories claimed. ",2/15/2022 13:15
260," Lost in the symphony of the night, a moonlit serenade that whispers tales of wanderlust and moonlit dreams. ",5/8/2021 22:00
261," Unveiling the layers of curiosity, a labyrinth of questions leading to the treasure troves of undiscovered knowledge. ",11/29/2020 14:45
262," In the embrace of the autumn breeze, leaves of ambivalence dancing in a waltz between choices and uncertainties. ",9/14/2019 10:20
263," Gratitude as a guiding star, navigating the constellation of blessings in the vast universe of life's precious moments. ",3/12/2022 19:55
264," With a zestful heart, sprinting through fields of enthusiasm, chasing sunbeams and laughter in the meadows of joy. ",3/30/2023 16:30
265," A compassionate rain, tears of empathy falling gently, nurturing the seeds of kindness in the garden of human connections. ",7/1/2021 12:10
266," Proudly scaling the peaks of achievement, a mountaineer conquering challenges and planting the flag of success. ",1/5/2020 8:45
267," Embraced by the hopeful dawn, a gardener sowing seeds of optimism, tending to the blooms of a brighter tomorrow. ",7/17/2022 6:15
268," A playful escapade in the carnival of life, carousel laughter and cotton candy dreams swirling in the joyous atmosphere. ",8/22/2018 17:20
269," Floating on clouds of inspiration, an artist painting the sky with strokes of creativity, creating a masterpiece of dreams. ",12/8/2021 14:30
270," Navigating the river of contentment, a serene boat cruise through the tranquil waters of inner peace and acceptance. ",4/27/2019 9:50
271," With empathy as a lantern, wandering through the dark alleys of sorrow, illuminating the path with compassion and care. ",9/3/2023 21:40
272," A free spirit soaring on the wings of dreams, leaving trails of independence in the azure sky of boundless possibilities. ",6/10/2020 10:05
273," Bathed in the golden hues of gratefulness, a sunset of appreciation casting its warm glow on the landscapes of the heart. ",4/1/2022 18:30
274," Confident strides in the dance of life, a ballroom where self-assuredness leads, twirling through challenges with grace. ",1/15/2021 13:00
275," Hopeful whispers of wind, carrying the promises of a brighter tomorrow, a symphony of optimism in the air of possibilities. ",5/6/2023 7:20
276," Playfully juggling responsibilities, a circus performer balancing the acts of work and joy, tossing laughter into the air. ",11/18/2019 15:15
277," Whispering tales of inspiration to the stars, a storyteller crafting constellations from the threads of imagination. ",8/29/2020 20:45
278," Charting a course through the waves of hopeful anticipation, a sailor steering towards the shores of dreams yet unexplored. ",10/30/2022 11:40
279," A compassionate rain, tears of empathy falling gently, nurturing the seeds of kindness in the garden of human connections. ",7/1/2021 12:10
280," Proudly scaling the peaks of achievement, a mountaineer conquering challenges and planting the flag of success. ",1/5/2020 8:45
281," Embraced by the hopeful dawn, a gardener sowing seeds of optimism, tending to the blooms of a brighter tomorrow. ",7/17/2022 6:15
282," A playful escapade in the carnival of life, carousel laughter and cotton candy dreams swirling in the joyous atmosphere. ",8/22/2018 17:20
283," Floating on clouds of inspiration, an artist painting the sky with strokes of creativity, creating a masterpiece of dreams. ",12/8/2021 14:30
284," Navigating the river of contentment, a serene boat cruise through the tranquil waters of inner peace and acceptance. ",4/27/2019 9:50
285," With empathy as a lantern, wandering through the dark alleys of sorrow, illuminating the path with compassion and care. ",9/3/2023 21:40
286," A free spirit soaring on the wings of dreams, leaving trails of independence in the azure sky of boundless possibilities. ",6/10/2020 10:05
287," Bathed in the golden hues of gratefulness, a sunset of appreciation casting its warm glow on the landscapes of the heart. ",4/1/2022 18:30
288," Confident strides in the dance of life, a ballroom where self-assuredness leads, twirling through challenges with grace. ",1/15/2021 13:00
289," Hopeful whispers of wind, carrying the promises of a brighter tomorrow, a symphony of optimism in the air of possibilities. ",5/6/2023 7:20
290," Playfully juggling responsibilities, a circus performer balancing the acts of work and joy, tossing laughter into the air. ",11/18/2019 15:15
291," Whispering tales of inspiration to the stars, a storyteller crafting constellations from the threads of imagination. ",8/29/2020 20:45
292," Charting a course through the waves of hopeful anticipation, a sailor steering towards the shores of dreams yet unexplored. ",10/30/2022 11:40
293," A compassionate rain, tears of empathy falling gently, nurturing the seeds of kindness in the garden of human connections. ",7/1/2021 12:10
294," Proudly scaling the peaks of achievement, a mountaineer conquering challenges and planting the flag of success. ",1/5/2020 8:45
295," Embraced by the hopeful dawn, a gardener sowing seeds of optimism, tending to the blooms of a brighter tomorrow. ",7/17/2022 6:15
296," A playful escapade in the carnival of life, carousel laughter and cotton candy dreams swirling in the joyous atmosphere. ",8/22/2018 17:20
297," Drowning in the abyss of despair, a heart shattered into fragments, lost in the echoing silence of hopelessness. ",9/15/2021 16:00
298," Bitterness festering like a venomous vine, entwining the soul in a web of resentment, poisoning the garden of peace. ",3/8/2019 14:20
299," Wandering through the desert of loneliness, each step a heavy sigh, mirages of connection shimmering but never materializing. ",7/20/2017 11:45
300," Yearning for a touch that's not there, echoes of a distant warmth haunting the heart in the cold embrace of solitude. ",11/2/2020 19:30
301," Eyes wide open in the night, fearful shadows dancing on the walls, the mind a prisoner of imagined horrors. ",5/12/2022 2:00
302," Apprehensive steps on the tightrope of uncertainty, a balancing act where the fall seems inevitable, anxiety a constant companion. ",4/8/2023 13:15
303," Overwhelmed by the weight of the world, Atlas with trembling shoulders, each responsibility a boulder in the landscape of exhaustion. ",6/25/2021 17:50
304," Jealousy, a green-eyed monster, lurking in the shadows, casting a dark cloud over the sunshine of others' success. ",8/30/2019 10:10
305," Devastated by the storm of betrayal, the wreckage of trust scattered like debris, a heart torn by the winds of broken promises. ",8/3/2022 15:30
306," Frustrated fingers tapping on the keyboard, a symphony of annoyance composing an unsolvable puzzle of unmet expectations. ",12/17/2020 9:20
307," Envious eyes fixated on the gilded prize, a heartache fueled by the painful desire for possessions that seem forever out of reach. ",2/28/2021 22:45
308," Dismissive glances, a fortress built with indifference, walls impenetrable to the pleas of understanding and recognition. ",5/10/2018 14:00
309," Shattered dreams lie on the floor like fragments of glass, a mosaic of disappointment crafted by the hands of frustration. ",1/7/2022 11:10
310," Loneliness, a silent companion in the night, the only echo in the chamber of solitude, a heart's solitary nocturne. ",9/19/2019 3:30
311," Fearful whispers in the dark, the mind haunted by the specter of the unknown, shadows dancing to the rhythm of anxiety's tune. ",7/14/2023 23:00
312," Bitterness, a bitter aftertaste lingering on the tongue, each word a reminder of wounds that refuse to heal with the passing of time. ",4/5/2020 16:20
313," Overwhelmed by the cacophony of expectations, a drowning soul in the tempest of pressure, struggling to stay afloat. ",11/29/2021 8:45
314," Jealousy, a venom that seeps through the veins, poisoning the heart and turning it into a breeding ground for discontent. ",12/12/2019 17:00
315," Devastated by the revelation of betrayal, the trust shattered like fragile glass, leaving shards of pain in its wake. ",5/20/2022 14:50
316," Frustrated attempts to mend a broken connection, the threads of understanding slipping through the fingers like grains of sand. ",9/3/2020 12:15
317," Envious gazes cast upon the podium of success, a bitter pill swallowed, the taste lingering as a constant reminder of unattained heights. ",2/10/2021 19:30
318," Dismissive gestures, a curtain drawn to shield the vulnerability, a stage where emotions take a backseat to the performance of indifference. ",8/18/2018 14:40
319," Despair like a heavy fog, enveloping every thought, blurring the path ahead, a journey in the labyrinth of utter hopelessness. ",2/28/2022 21:00
320," Bitterness, a bitter chill in the air, freezing moments into icicles of resentment that dangle precariously over the landscape of memory. ",10/15/2019 10:30
321," Loneliness, a solitary moon in a starless sky, casting a cold glow on the landscape of isolation, where echoes bounce in empty spaces. ",12/1/2017 18:50
322," Yearning for the warmth of a vanished sun, a heartache painted in the hues of a sunset that never graced the horizon. ",4/18/2020 16:15
323," Fearful eyes scanning the shadows, a prisoner of the night, terrorized by the lurking monsters born from the mind's darkest corners. ",1/7/2023 3:30
324," Apprehensive whispers in the wind, a forecast of uncertainty, the mind's weather vane spinning wildly in the storm of doubt. ",6/10/2021 10:00
325," Overwhelmed by the maze of expectations, a minotaur of pressure lurking in the labyrinth, waiting to devour the spirit of resilience. ",2/22/2020 15:20
326," Jealousy, a festering wound, the pain intensifying with each glance at the garden of others' achievements, blooming beyond the fence. ",3/17/2018 14:45
327," Devastated, a heart in ruins, the echoes of shattered dreams reverberating in the chambers, a requiem for what once was whole. ",10/28/2022 11:15
328," Frustrated attempts to untangle the knot of confusion, the threads of understanding slipping further into the labyrinth of miscommunication. ",11/1/2020 12:30
329," Envious eyes locked on the treasure chest of opportunities, a heartache fueled by the desire for keys that seem forever elusive. ",1/15/2021 22:10
330," Dismissive gestures, a curtain drawn to shield the vulnerability, a stage where emotions take a backseat to the performance of indifference. ",8/18/2018 14:00
331," Shattered dreams lie on the floor like fragments of glass, a mosaic of disappointment crafted by the hands of frustration. ",1/7/2022 11:10
332," Loneliness, a silent companion in the night, the only echo in the chamber of solitude, a heart's solitary nocturne. ",9/19/2019 3:30
333,Awe-struck by the breathtaking sunrise over the mountains.      ,4/3/2022 6:15
334,Navigating through the challenges with determination.          ,10/12/2023 10:30
335,Nostalgia hits while flipping through an old photo album.     ,6/28/2019 19:00
336,Thrilled to witness the grandeur of a cultural festival.       ,9/15/2020 14:45
337,Calmness found in the rhythm of raindrops on the windowpane.   ,11/8/2017 21:20
338,Overwhelmed by the support received during a personal challenge.,5/20/2021 17:30
339,Excitement builds as the countdown to a long-awaited vacation begins. ,1/10/2023 12:00
340,"Reflecting on life's journey, grateful for the lessons learned. ",12/5/2018 8:45
341,Bittersweet emotions arise while bidding farewell to a dear friend. ,3/15/2020 18:30
342,Curiosity sparked by exploring a mysterious ancient ruin.      ,8/22/2016 15:10
343,Admiration for the intricate details of a handcrafted masterpiece. ,8/20/2019 16:00
344,Overjoyed by the warmth of a cozy fireplace on a winter evening.   ,12/8/2021 19:30
345,Inspiration strikes while observing the colors of a vibrant sunset.,6/10/2020 20:45
346,Motivated to achieve fitness goals after an invigorating workout.  ,2/28/2022 7:15
347,Gratitude for the simple joys found in a cup of morning coffee.    ,4/15/2017 8:00
348,Feeling empowered after conquering a challenging hiking trail.     ,9/5/2018 14:20
349,Amused by the antics of playful kittens during playtime.           ,10/22/2022 12:45
350,Contemplating life's mysteries under the starry night sky.         ,7/2/2016 23:30
351,Joyful reunion with long-lost friends after years of separation.   ,11/18/2020 17:10
352,Excitement builds while preparing for a surprise celebration.     ,3/5/2023 15:00
353,Satisfaction derived from successfully completing a DIY project.  ,12/1/2015 11:30
354,Feeling blessed for the supportive community in times of need.    ,9/10/2021 9:45
355,Captivated by the serenity of a tranquil garden in full bloom.     ,5/12/2018 14:20
356,Anticipation for an upcoming adventure in an exotic destination.   ,7/25/2022 10:00
357,Reflecting on personal growth achieved through life experiences.  ,3/8/2019 18:30
358,Nostalgic memories flood in while revisiting childhood favorites. ,1/28/2017 21:15
359,Appreciation for the vibrant culture experienced during travel.   ,11/14/2016 13:45
360,Confidence soars after overcoming public speaking anxiety.       ,4/2/2020 17:30
361,Contentment in the midst of a family gathering filled with laughter. ,1/15/2023 19:00
362,Enthusiasm for learning new skills and expanding knowledge.      ,8/7/2018 12:15
363,Surprise and delight at discovering a hidden gem in the city.    ,10/18/2019 16:45
364,A sense of accomplishment after completing a challenging workout.,6/30/2022 7:00
365,Wonderment at the beauty of a double rainbow after the rain.     ,6/12/2017 18:20
366,Optimism for a bright future amidst challenging times.           ,7/5/2021 9:30
367,Pride in achieving a personal milestone in career progression.   ,4/15/2016 14:50
368,Happiness blooms like flowers in a garden on a sunny day.        ,2/10/2020 11:15
369,Elation over discovering a rare book in a quaint bookstore.      ,9/22/2018 16:30
370,Curiosity piqued by the mysteries of an ancient archaeological site.,11/8/2015 10:00
371,Mesmerized by the cosmic dance of fireflies on a moonlit night.    ,8/10/2022 22:00
372,Intrigued by the symphony of colors in an abstract art exhibition. ,4/5/2019 17:30
373,Giggles and joy echo in the air during a children's playdate.      ,12/15/2020 15:45
374,Enveloped in serenity while practicing mindfulness by the lake.    ,10/20/2017 8:15
375,Chasing dreams like a kite soaring high in the vast open sky.      ,2/28/2021 13:00
376,Spellbound by the elegance of a ballroom dance under crystal chandeliers. ,6/12/2018 20:30
377,Whimsical delight in a world of fairy tales and magical creatures.  ,3/8/2016 14:20
378,Pensive contemplation amid the ancient ruins of a forgotten civilization. ,4/18/2023 17:10
379,Embracing the thrill of speed on a rollercoaster's exhilarating twists. ,7/25/2020 12:45
380,Harmony resonates as musicians play a melody of unity and togetherness. ,11/30/2019 19:30
381,A burst of creativity in the quiet solitude of an artist's studio.  ,9/1/2015 16:00
382,Radiant joy akin to blooming flowers on a sun-kissed spring morning. ,5/5/2022 10:15
383,A sense of wonder at the vastness of the cosmos on a stargazing night. ,7/8/2018 23:00
384,Rejuvenated by the salty breeze and the sound of waves at the seaside. ,9/20/2021 14:30
385,Whispers of inspiration from the rustling leaves in a serene forest. ,11/15/2016 11:45
386,Savoring the warmth of a cup of cocoa on a chilly winter evening.   ,1/12/2020 18:00
387,Heartfelt gratitude for the laughter shared during a family reunion. ,12/28/2017 19:15
388,"Embarking on a culinary adventure, savoring exotic flavors around the world. ",3/2/2019 20:20
389,Euphoria floods in as the final puzzle piece clicks into place.       ,6/8/2022 15:30
390,Awe-inspired by the grandeur of an ancient cathedral's intricate architecture. ,8/18/2018 14:45
391,Captivated by the ethereal beauty of a field filled with fireflies. ,8/10/2022 22:00
392,Immersed in the enchanting melodies of a street musician's violin. ,4/5/2019 17:30
393,Joyful laughter resonates through a lively summer carnival.         ,12/15/2020 15:45
394,Exploring the universe within during a mindful meditation session. ,10/20/2017 8:15
395,Soaring like a free spirit on the winds of a coastal cliff.        ,2/28/2021 13:00
396,Dazzled by the elegance of a masquerade ball's dazzling costumes. ,6/12/2018 20:30
397,Whimsical delight in a world of whimsical fairy tales.             ,3/8/2016 14:20
398,Reflective contemplation amid the ruins of a forgotten era.        ,4/18/2023 17:10
399,Riding the adrenaline rush on a rollercoaster's wild twists.      ,7/25/2020 12:45
400,Harmony resonates as musicians play a symphony of unity.           ,11/30/2019 19:30
401,A burst of artistic creativity in the quietude of an artist's studio. ,9/1/2015 16:00
402,Radiant joy akin to blossoming flowers on a sunlit spring morning. ,5/5/2022 10:15
403,Awe-inspired by the vastness of the cosmos on a stargazing night.   ,7/8/2018 23:00
404,Rejuvenated by the salty breeze and the sound of waves at the seaside. ,9/20/2021 14:30
405,Whispers of inspiration from the rustling leaves in a serene forest. ,11/15/2016 11:45
406,Savoring the warmth of a cup of cocoa on a chilly winter evening.   ,1/12/2020 18:00
407,Heartfelt gratitude for the laughter shared during a family reunion. ,12/28/2017 19:15
408,"Embarking on a culinary odyssey, savoring flavors around the world. ",3/2/2019 20:20
409,Euphoria floods in as the final puzzle piece fits perfectly.       ,6/8/2022 15:30
410,Awe-struck by the grandeur of an ancient cathedral's intricate architecture. ,8/18/2018 14:45
411,Curiosity awakened by the mysteries of an ancient archaeological site. ,11/8/2015 10:00
412,Giddy with excitement as the first snowflakes dance from the sky. ,12/2/2020 17:30
413,Contentment envelops as the aroma of freshly baked bread fills the air. ,6/10/2017 12:15
414,Inspired by the resilience of a lone tree standing tall in a storm. ,4/15/2021 14:20
415,"Lost in the pages of a captivating novel, transported to another world. ",9/28/2019 19:45
416,Drenched in nostalgia while flipping through an old family photo album. ,12/5/2016 21:00
417,Spark of inspiration ignites like a shooting star in the night sky. ,2/10/2018 23:30
418,Imbued with gratitude for the simple pleasure of a warm cup of tea. ,2/15/2023 8:30
419,Marveling at the kaleidoscope of colors in a vibrant street market. ,8/22/2015 15:00
420,Awash with serenity as the sun sets over a tranquil lakeside retreat. ,11/20/2020 18:45
421,Drowning in sorrow as memories of lost love resurface.            ,8/5/2019 21:00
422,Numbness sets in as the weight of loneliness grows heavier.       ,2/12/2021 16:45
423,"Tears fall like raindrops, mourning the end of a cherished friendship. ",11/28/2020 14:20
424,"Despair clouds the mind, feeling adrift in an endless sea of darkness. ",5/15/2016 22:30
425,"Shattered by betrayal, trust crumbles like fragile glass.          ",9/10/2018 13:15
426,"Aching heart, the symphony of pain plays in the silence of solitude. ",3/20/2022 19:30
427,"Emotional storm, a whirlwind of sadness engulfs every thought.    ",7/18/2017 17:45
428,"Haunted by regrets, the ghost of the past lingers relentlessly.   ",12/15/2018 10:00
429,"Torn apart by grief, the echoes of loss reverberate through the soul. ",6/28/2015 21:15
430,"Isolation deepens, an emotional winter where warmth is but a distant memory. ",4/2/2020 14:20
431,"Soul-crushing disappointment, hopes shattered like fragile glass. ",10/8/2019 18:30
432,"Painful echoes of a love once cherished, now lost in the abyss of time. ",11/22/2016 9:45
433,"Heartache deepens, a solitary journey through the abyss of despair. ",8/18/2022 22:00
434,"Melancholy lingers, a bittersweet serenade in the quietude of solitude. ",3/12/2017 23:30
435,"Bitterness like a poison, seeping into every crevice of the wounded heart. ",12/15/2015 16:15
436,"Emotional exhaustion, the weight of the world crushing weary shoulders. ",9/5/2021 13:30
437,"Sorrowful echoes, a symphony of pain played by the strings of loss. ",5/22/2018 20:45
438,"Darkness descends, engulfing the soul in the shadows of despair.  ",7/10/2016 18:20
439,"Desperation whispers, the silent plea for a glimmer of hope in the abyss. ",4/30/2019 14:00
440,"Heart in ruins, the remnants of shattered dreams scattered in the wind. ",1/8/2022 11:30
441,"Shattered by the echoes of a shattered dream, fragments of hope scattered. ",9/10/2017 19:15
442,"Avoiding the thorns of regret, walking barefoot on the path of remorse. ",4/18/2022 11:30
443,"In the labyrinth of grief, the walls echo with the footsteps of lost joy. ",12/5/2018 21:45
444,"A soul adrift in the sea of solitude, waves of loneliness crashing relentlessly. ",6/28/2016 14:20
445,"The bitterness of betrayal, a taste that lingers, staining the palate of trust. ",10/22/2019 17:00
446,"In the ruins of hope, echoes of shattered dreams whisper tales of loss. ",3/15/2021 22:45
447,"Sinking like a stone in the ocean of heartbreak, each ripple a sigh of despair. ",8/10/2017 19:30
448,"Tears, the ink staining the pages of a journal, a testament to silent grief. ",1/28/2023 14:30
449,"In the wasteland of lost trust, the echoes of broken promises reverberate. ",12/12/2016 10:00
450,"Avoiding the shards of shattered dreams, walking the tightrope of resilience. ",7/18/2020 15:15
451,"Suffocating in the silence of solitude, where echoes of laughter once thrived. ",5/20/2022 20:30
452,"Haunted by the specter of lost possibilities, a ghost that refuses to fade away. ",11/8/2019 14:45
453,"In the labyrinth of despair, the echoes of a broken heart reverberate endlessly. ",3/28/2017 22:00
454,"Sinking like autumn leaves in the river of sorrow, carried away by the current. ",9/15/2020 18:15
455,"In the garden of broken dreams, petals fall, a silent testimony to shattered hopes. ",6/10/2018 13:30
456,"Tears, the currency of grief, spent in the marketplace of lost love and longing. ",12/22/2016 21:45
457,"Wandering in the maze of betrayal, the walls closing in with every wrong turn. ",1/5/2021 16:20
458,"A soul weathered by the storm of heartbreak, seeking refuge in the calm after. ",4/18/2019 11:00
459,"In the tapestry of despair, threads of hope unravel, leaving a portrait of sorrow. ",8/28/2017 19:30
460,"Like a withered rose in the garden of love, petals fall, a silent surrender to time. ",2/10/2023 14:30
461,"In the void of heartache, echoes of a love song play, each note a pang of longing. ",7/10/2022 22:15
462,"Nostalgia, a bittersweet dance in the moonlit ballroom of cherished memories. ",5/15/2019 21:30
463,"In the symphony of grief, each tear is a note, composing a melancholic melody. ",11/28/2018 14:00
464,"Betrayal, a venomous serpent slithering through the garden of trust, poisoning roots. ",3/2/2021 17:45
465,"Sinking in the quicksand of despair, the harder you fight, the deeper you descend. ",10/18/2016 19:30
466,"Wandering through the cemetery of lost dreams, tombstones marking untold sorrows. ",8/15/2020 12:30
467,"Swept away by the river of regret, the currents of the past refusing to release. ",4/28/2017 16:20
468,"Whispers of lost love linger in the attic of the heart, forgotten but not erased. ",9/10/2019 21:00
469,"In the gallery of broken promises, each shattered vow framed, a painful exhibition. ",1/28/2022 13:45
470,"The echoes of solitude, a silent conversation between a soul and its shadows. ",6/15/2016 22:30
471,"Dancing on sunshine, each step a celebration of the joy found in simple moments. ",8/20/2021 15:45
472,"Laughter echoes in the air, a chorus of happiness that lifts the spirit higher. ",4/12/2018 18:30
473,"In the garden of contentment, each bloom whispers tales of inner peace and joy. ",2/15/2022 12:20
474,"Chasing dreams under the vibrant sky, a journey fueled by hope and enthusiasm. ",10/28/2019 14:15
475,"Serenading the stars with a heart full of gratitude, a melody of thankfulness. ",12/22/2017 21:00
476,"Basking in the glow of accomplishment, each milestone a stepping stone to happiness. ",6/10/2020 17:30
477,"In the dance of positivity, every step is a rhythm, uplifting the soul in harmony. ",9/18/2016 19:45
478,"Overflowing with joy, a cup of laughter shared with friends, a moment cherished. ",3/10/2023 14:30
479,"Draped in the warmth of kindness, a quilt of compassion stitched with love. ",5/5/2019 12:15
480,"In the garden of friendships, each bloom a testament to the beauty of camaraderie. ",8/28/2018 16:00
481,"In the embrace of love, each heartbeat is a melody, dancing to the rhythm of affection. ",11/15/2022 20:45
482,"Surrounded by the colors of joy, a canvas painted with laughter and endless smiles. ",7/2/2019 17:00
483,"In the symphony of excitement, each note is a burst of energy, igniting the soul with fervor. ",4/18/2021 14:20
484,"A surprise gift, wrapped in anticipation, unfolds a moment of delight and wonder. ",2/5/2023 19:30
485,"Lost in the maze of curiosity, each twist and turn unveils the treasures of discovery. ",9/22/2018 12:45
486,"Floating on clouds of gratitude, each raindrop a blessing, a shower of thankfulness. ",12/10/2016 21:15
487,"Like a comet of inspiration, streaking through the sky of creativity, leaving trails of brilliance. ",5/28/2020 16:00
488,"In the celebration of success, fireworks of accomplishment light up the night sky of triumph. ",11/15/2017 22:30
489,"A symphony of laughter, each note a key to unlocking the door of boundless happiness. ",8/2/2021 19:00
490,"In the carnival of emotions, the rollercoaster of thrill sends the heart on a wild ride. ",3/28/2019 15:30
491,"Standing before the grandeur of the Eiffel Tower, a moment to reflect on the beauty of Parisian dreams. ",5/12/2018 17:30
492,"Lost in the enchantment of Disneyland, each ride a journey into the realm of childhood fantasies. ",9/28/2022 15:45
493,"Exploring the wonders of Ferrari World, the roar of engines creating a symphony of speed. ",11/10/2019 14:00
494,"Amidst the tulip fields of Keukenhof, a tapestry of colors that paints the soul with springtime joy. ",4/2/2021 18:20
495,"Wandering through the historical streets of Kyoto, each step a journey into the heart of Japan's traditions. ",8/22/2017 21:30
496,"In the embrace of the Grand Canyon, nature's masterpiece, a moment to marvel at Earth's grandeur. ",6/15/2020 16:45
497,"Journeying through the serenity of Santorini, where each sunset paints the sky with hues of tranquility. ",9/10/2016 19:15
498,"Amazed by the architectural marvels of Petra, each stone telling tales of an ancient civilization. ",1/28/2023 13:00
499,"Embarking on a gondola ride in Venice, each canal reflecting the romance of this timeless city. ",4/18/2019 16:30
500,"At the summit of Machu Picchu, a breathtaking panorama that whispers the secrets of ancient civilizations. ",11/5/2017 22:00
501,"In the heart of New York City, Times Square dazzles with lights, a vibrant spectacle of urban energy. ",7/20/2022 21:45
502,"Captivated by the historical charm of the Colosseum, each stone echoing tales of gladiator valor. ",3/15/2018 17:30
503,"Sailing the azure waters of the Maldives, each wave a whisper of serenity in paradise. ",10/28/2019 14:15
504,"In the midst of the Amazon rainforest, a symphony of wildlife creates an orchestra of nature's wonders. ",6/10/2021 16:00
505,"Walking the Great Wall of China, each step a testament to ancient engineering marvels. ",8/18/2017 19:30
506,"At the summit of Mount Fuji, a breathtaking sunrise that paints the sky with hues of accomplishment. ",4/15/2020 5:30
507,"Exploring the ancient ruins of Angkor Wat, each stone whispering stories of Khmer civilization. ",11/22/2016 13:00
508,"Skiing down the slopes of the Swiss Alps, each turn a dance with the majesty of snow-capped peaks. ",1/10/2019 14:45
509,"In the tranquility of Kyoto's bamboo forest, whispers of ancient Zen wisdom echo through the groves. ",2/28/2023 16:20
510,"Cruising the fjords of Norway, each icy landscape a breathtaking masterpiece of nature's grandeur. ",5/28/2018 18:30
511,"At the front row of Adele's concert, each note of 'Someone Like You' resonates with soul-stirring emotion. ",9/15/2022 20:00
512,"Dancing under the stars at Beyonc√©'s live show, feeling the power of 'Single Ladies' in every move. ",7/28/2019 21:30
513,"In the crowd of a Taylor Swift concert, the lyrics of 'Love Story' create an enchanting fairy tale. ",5/10/2021 19:45
514,"Rocking out to the guitar solos at a Queen tribute concert, a journey back in time with Freddie's spirit. ",12/2/2018 22:15
515,"Swaying to Ed Sheeran's acoustic melodies, a serene evening filled with 'Perfect' moments. ",8/18/2020 19:00
516,"Immersed in the pulsating beats of a Bruno Mars concert, where 'Uptown Funk' becomes a city of joy. ",3/28/2017 20:30
517,"At a Michael Jackson tribute show, moonwalking through the hits, a celebration of the King of Pop. ",1/15/2022 21:15
518,"Swinging to the rhythms of a Frank Sinatra tribute, feeling the timeless charm of 'Fly Me to the Moon'. ",6/10/2019 18:45
519,"In the mosh pit of a Metallica concert, the thunderous chords create a symphony of headbanging ecstasy. ",3/20/2023 22:30
520,"Experiencing the magic of a Coldplay concert, where 'Fix You' becomes a beacon of hope in the night. ",11/28/2016 19:00
521,"At a Justin Bieber concert, the infectious beats of 'Baby' create a dance floor of unbridled enthusiasm. ",8/5/2018 20:00
522,"In the spotlight at a Lady Gaga show, each costume change is a metamorphosis of creativity and artistry. ",4/15/2021 21:30
523,"Immersed in the soulful melodies of Adele, tears flow freely, moved by the emotion of 'Hello'. ",11/28/2019 19:45
524,"Drenched in confetti at a Katy Perry concert, a kaleidoscope of colors igniting the night sky. ",6/22/2020 22:00
525,"In the audience of a Jay-Z performance, the lyrics of 'Empire State of Mind' become an anthem of pride. ",9/10/2017 20:15
526,"Dancing to Shakira's rhythmic beats, hips swaying to the hypnotic charm of 'Hips Don't Lie'. ",2/28/2022 21:15
527,"At a U2 concert, the anthemic chords of 'With or Without You' create a timeless moment of connection. ",5/15/2016 19:30
528,"Rocking out at a Guns N' Roses show, the iconic riffs of 'Sweet Child o' Mine' echoing in the night. ",12/10/2018 22:30
529,"In the crowd of an Ariana Grande concert, the high notes of 'Into You' create a euphoric symphony. ",1/22/2023 20:00
530,"Swaying to the reggae vibes of Bob Marley's tribute concert, each chord a journey to Jamaica's soul. ",3/5/2020 18:45
531,"Captivated by the spellbinding plot twists, the audience applauds, experiencing a rollercoaster of emotions at the movie premiere. ",10/12/2018 20:00
532,"As the credits roll, a profound sense of nostalgia washes over, reminiscent of cherished moments in classic films. ",6/25/2019 22:15
533,"Streaming the latest web series, the viewer is engrossed in the characters' journey, feeling a sense of connection and empathy. ",7/8/2020 19:30
534,"At the film festival, the indie filmmaker's creation receives a standing ovation, evoking pride and a sense of accomplishment. ",9/18/2017 21:45
535,"Watching a heartwarming family drama, tears flow freely as the characters overcome challenges, leaving the viewer with a warm glow. ",1/15/2021 18:00
536,"At the Oscars, the actor graciously accepts an award, radiating joy and gratitude for the recognition of their outstanding performance. ",2/28/2016 20:30
537,"Discovering a hidden gem in the world of documentaries, the viewer is enlightened and inspired, feeling a renewed sense of curiosity. ",4/20/2022 17:30
538,"As the movie credits roll, the viewer experiences a mix of awe and contemplation, pondering the deeper meanings woven into the storyline. ",11/5/2019 21:15
539,"Binge-watching a thrilling crime series, the suspense keeps the viewer on the edge of their seat, creating a rush of adrenaline. ",7/12/2015 22:00
540,"As the closing scene unfolds, a sense of satisfaction washes over, completing the cinematic journey with a profound and fulfilling ending. ",9/10/2020 19:45
541,"Celebrating a historic victory in the World Cup, the nation erupts in joy, united by the triumph of their football team. ",7/15/2018 21:30
542,"At the Olympics, the athlete's perseverance shines through, earning a gold medal and inspiring a generation with their remarkable achievement. ",8/8/2020 19:45
543,"In the cricket championship, a nail-biting finish leaves fans on the edge of their seats, experiencing a rollercoaster of emotions. ",6/25/2019 22:15
544,"Witnessing a record-breaking marathon, spectators are filled with awe and admiration for the endurance and dedication of the runners. ",11/7/2021 17:30
545,"In the tennis grand slam, a fierce rivalry unfolds, captivating fans with a display of skill and sportsmanship on the world stage. ",9/10/2017 20:15
546,"Cheering for the underdog in the basketball finals, the crowd erupts in applause as the team defies odds to claim the championship title. ",6/20/2022 21:00
547,"At the golf tournament, the golfer's precision and focus lead to a stunning victory, leaving spectators in awe of their exceptional skill. ",4/10/2016 18:30
548,"Experiencing the thrill of a high-speed Formula 1 race, fans are on the edge of their seats as drivers compete for the championship. ",11/24/2019 19:45
549,"In the cycling world championship, the climber conquers challenging terrains, symbolizing determination and achievement against all odds. ",9/28/2015 22:30
550,"Witnessing a heartwarming comeback in the hockey finals, fans share tears of joy as the team secures a historic victory after adversity. ",12/12/2020 20:00
551,"After a series of defeats, the soccer team faces disappointment, struggling to find the silver lining in a challenging season. ",11/2/2019 18:45
552,"In the tennis tournament, a highly anticipated player experiences a setback, leaving fans in shock and questioning the unforeseen turn of events. ",7/10/2018 21:15
553,"Facing a defeat in the championship, the boxer reflects on the challenges, vowing to return stronger and more determined in the next bout. ",9/18/2020 19:30
554,"In the midst of a cycling race, a tire blowout leads to frustration for the cyclist, who valiantly tries to overcome the unexpected obstacle. ",5/15/2017 22:00
555,"The gymnast's unexpected fall during a routine sparks a wave of sympathy from the audience, highlighting the vulnerability of sports. ",4/5/2021 20:15
556,"In the golf tournament, a missed crucial putt results in defeat, causing the golfer to reflect on the pressure of high-stakes competition. ",8/20/2016 18:30
557,"Experiencing a series of losses in the basketball season, the team grapples with frustration, determined to turn the tide with renewed effort. ",2/12/2019 19:45
558,"Despite meticulous training, the swimmer faces disappointment as a split-second miscalculation costs them the lead in a crucial race. ",6/28/2015 20:00
559,"The weightlifter's failed attempt at a personal record results in frustration, highlighting the challenging nature of pushing physical limits. ",1/8/2022 21:30
560,"In the midst of a soccer match, an unexpected own goal creates a moment of despair for the player, as teammates console and encourage them. ",12/15/2018 20:15
561,"In the serene beauty of a sunset, nature unfolds a canvas of colors, evoking a sense of tranquility and wonder. ",7/10/2021 19:00
562,"Embarking on a spontaneous road trip, the traveler discovers hidden gems, creating memories that will be cherished for a lifetime. ",9/28/2019 20:30
563,"Amidst the bustling city, a quiet caf√© becomes a sanctuary for reflection, where a cup of coffee brings solace to the wandering mind. ",3/15/2022 18:45
564,"Exploring the vibrant street art of a cultural neighborhood, each mural tells a story, infusing the city with creativity and expression. ",11/5/2017 21:15
565,"In the world of science, a breakthrough discovery unfolds, pushing the boundaries of knowledge and opening new frontiers of exploration. ",5/20/2020 16:30
566,"Connecting with the melody of a live orchestra, the music enthusiast experiences a symphony that resonates deep within the soul. ",8/22/2016 19:45
567,"Embracing the aroma of freshly baked bread, the home chef finds joy in the art of baking, creating delicious memories for loved ones. ",4/10/2023 17:15
568,"Wandering through a historical museum, the history enthusiast becomes immersed in the tales of the past, envisioning bygone eras. ",12/18/2015 18:00
569,"In the realm of literature, a captivating novel transports the reader to distant lands, weaving a tapestry of imagination and escape. ",10/8/2021 20:30
570,"Capturing the essence of a bustling market, the photographer freezes moments in time, each frame telling a unique and vibrant story. ",3/22/2019 21:45
571,"Underneath the city lights, the dancer expresses emotions through graceful movements, creating a mesmerizing performance under the night sky. ",6/15/2018 22:00
572,"In the heart of a bustling market, the street food connoisseur indulges in a culinary adventure, savoring diverse flavors and aromas. ",8/28/2019 19:30
573,"As the first snowflake descends, the winter enthusiast eagerly prepares for a season of frosty delights, anticipating the magic of snow-covered landscapes. ",12/1/2022 17:45
574,"Amidst the pages of a captivating mystery novel, the reader unravels clues and secrets, experiencing a thrilling journey of suspense and revelation. ",4/10/2017 21:15
575,"Surrounded by the vibrant colors of a flower garden, the gardener nurtures blossoms, finding joy in the beauty of nature's ever-changing canvas. ",5/15/2020 18:30
576,"At the astronomy observatory, the stargazer marvels at the vastness of the cosmos, contemplating the mysteries hidden within the celestial expanse. ",9/22/2016 20:00
577,"Engulfed in the aroma of freshly brewed coffee, the writer finds inspiration in every sip, embarking on a journey of creativity and prose. ",2/12/2023 19:45
578,"In the realm of fashion, the designer unveils a collection that tells a story, blending innovation and tradition on the runway of creativity. ",11/10/2015 21:00
579,"As the waves crash against the shore, the surfer embraces the thrill of riding the ocean's energy, capturing the essence of freedom in each wave. ",7/20/2021 18:15
580,"Exploring the historical architecture of an ancient city, the traveler is transported to a bygone era, where each monument whispers tales of the past. ",4/18/2019 20:30
581,Successfully avoided eye contact with my crush in the hallway. Mission accomplished. #TeenCrush #StealthMode ,5/20/2023 19:45
582,Ran out of snacks during a movie marathon. Crisis level: Emergency! #MovieNightStruggles #TeenProblems ,5/21/2023 21:00
583,Spent an hour choosing the perfect filter for a selfie. The struggle for that Instagram aesthetic is real. #SelfieQueen #TeenVibes ,5/22/2023 14:30
584,Lost my headphones again. How do they vanish into thin air? #HeadphoneMystery #TeenLife ,5/23/2023 16:45
585,Decided to study for exams but ended up making memes about studying instead. Procrastination level: Expert. #ProcrastinationNation #TeenConfessions ,5/24/2023 13:15
586,"Got dressed for the day, then remembered it's Saturday. Oops. #WeekendVibes #TeenStruggles ",5/25/2023 19:00
587,Survived a group project without any drama. Miracles do happen. #GroupProjectSuccess #TeenAchievements ,5/26/2023 14:20
588,"Entered the kitchen with the intention to cook. Left with a bag of chips. Cooking is overrated, anyway. #MasterChefInTraining #TeenHumor ",5/27/2023 21:15
589,"Staring at the clock in class, waiting for the bell to ring like it's the most exciting event of the day. #ClassCountdown #TeenLife ",5/28/2023 12:00
590,"Discovered a new book series and spent the whole night reading. Who needs sleep, anyway? #BookwormLife #LateNightReading ",5/29/2023 23:30
591,"Bought a new video game, played for hours, forgot to eat. The ultimate gaming session. #GamerLife #NoFoodGaming ",5/30/2023 20:45
592,Spent the day binge-watching a new series. Productivity level: Zero. #LazyDay #TVSeriesMarathon ,5/31/2023 15:30
593,Caught up on the latest fashion trends and now planning a shopping spree. #Fashionista #TrendyTeen ,6/1/2023 18:00
594,Decided to learn a new instrument. Day one: Still trying to figure out how to hold it. #MusicNovice #LearningJourney ,6/2/2023 14:30
595,Spent hours creating the perfect playlist for every mood. Music is my therapy. #PlaylistMaker #TeenMusicLover ,6/3/2023 21:15
596,Successfully cooked a gourmet meal for the family. Chef skills unlocked! #ChefMode #TeenChef ,6/4/2023 19:30
597,Spontaneously booked a weekend getaway. Adventure awaits! #TravelBug #WeekendEscape ,6/5/2023 10:00
598,Attended a concert and danced the night away. Music is the heartbeat of life. #ConcertVibes #DanceAllNight ,6/6/2023 22:30
599,Rediscovered childhood cartoons and had a nostalgia-filled marathon. #CartoonNostalgia #TeenMemories ,6/7/2023 12:45
600,Embarked on a DIY home decor project. Let's hope it turns out better than last time. #DIYAdventure #TeenHomeDecor ,6/8/2023 16:00
601,"Spent the afternoon at a museum, pretending to be cultured. Art enthusiast in the making. #MuseumDay #TeenArtLover ",6/9/2023 14:00
602,Started a blog about random thoughts and musings. Blogging is the new diary. #BloggerLife #TeenBlogger ,6/10/2023 17:30
603,Relishing a peaceful afternoon with a classic novel. Quiet moments are the best moments. #BookLover #PeacefulAfternoon ,6/11/2023 15:30
604,"Reflecting on a lifetime of memories, each wrinkle tells a story. Embracing the beauty of aging. #LifeReflections #BeautyInAging ",6/12/2023 18:00
605,Exploring the world of digital art. It's never too late to discover new passions. #DigitalArtistry #LateBloomer ,6/13/2023 14:45
606,Savoring the flavors of a home-cooked meal. Simple joys are the heart of happiness. #HomeCooking #SimpleJoys ,6/14/2023 19:30
607,Embarking on a journey of learning a new language. The mind stays young with every new word. #LanguageLearning #NeverTooLate ,6/15/2023 12:15
608,"Attended a classical music concert, feeling the timeless melodies resonate. Music transcends generations. #ClassicalMusic #TimelessMelodies ",6/16/2023 21:45
609,Capturing the beauty of nature through photography. Every snapshot is a treasure. #NaturePhotography #SeniorPhotographer ,6/17/2023 15:00
610,"Reconnecting with old friends over a cup of tea. Friendship, the true essence of companionship. #OldFriends #Companionship ",6/18/2023 11:30
611,"Embarked on a road trip to revisit cherished places from the past. Nostalgia, the ultimate travel companion. #RoadTrip #NostalgiaTour ",6/19/2023 16:30
612,"Joined a community choir, harmonizing with fellow voices. Music creates bonds that withstand time. #CommunityChoir #HarmonyInAging ",6/20/2023 14:20
613,"Exploring the art of meditation, finding tranquility in the stillness of the mind. #MeditationJourney #TranquilMind ",6/21/2023 19:00
614,"Taking a stroll in the garden, appreciating the beauty of blooming flowers. Nature's wonders never cease. #GardenWalk #FloralBeauty ",6/22/2023 13:45
615,"Sipping on a favorite vintage wine, each sip telling a story of the years gone by. Cheers to a life well-lived. #WineLover #VintageCheers ",6/23/2023 18:45
616,"Participated in a community art class, unleashing creativity in the golden years. Art has no age limit. #ArtClass #SeniorArtistry ",6/24/2023 16:15
617,"Embarking on a journey of writing a memoir, documenting a lifetime of experiences. Every story matters. #MemoirWriting #SeniorStories ",6/25/2023 20:30
618,"Attended a lecture on history, always fascinated by the lessons from the past. Learning is a lifelong adventure. #HistoryLecture #SeniorLearning ",6/26/2023 14:00
619,"Rediscovered the joy of cooking traditional family recipes. The kitchen, a place of cherished memories. #FamilyRecipes #SeniorCooking ",6/27/2023 17:45
620,"Joined a nature photography club, capturing the beauty of the great outdoors. Every click is a connection to nature. #NaturePhotography #SeniorPhotographer ",6/28/2023 22:15
621,"Attended a jazz concert and swayed to the rhythm of timeless tunes. Music, a constant companion in the golden years. #JazzConcert #SeniorMusic ",6/29/2023 16:30
622,"Joined a writing group, penning down thoughts and reflections. Writing, a journey into the depths of the soul. #WritingGroup #SeniorWriter ",6/30/2023 19:30
623,"Embarked on a solo travel adventure, discovering the beauty of new places at my own pace. #SoloTravel #SeniorExplorer ",7/1/2023 14:00
624,"Attended a vintage car show, reminiscing about the classics that once ruled the roads. Nostalgia in every rev. #VintageCars #ClassicRides ",7/2/2023 18:30
625,"Started a community garden, growing not just plants but friendships too. Green thumbs unite! #CommunityGarden #SeniorGardener ",7/3/2023 12:45
626,"Hosted a family dinner, where laughter echoed louder than the clinking of utensils. Family, the heart of happiness. #FamilyDinner #SeniorHost ",7/4/2023 17:00
627,"Enrolled in a dance class for seniors, moving to the rhythm of life. Age is just a number on the dance floor. #DanceClass #SeniorDancer ",7/5/2023 20:15
628,"Visited an art gallery, appreciating the brushstrokes that tell tales of creativity. Art, an eternal companion. #ArtGallery #SeniorArtLover ",7/6/2023 14:30
629,"Started a book club for seniors, where discussions are as lively as the characters in the novels. #BookClub #SeniorReaders ",7/7/2023 19:45
630,"Hosted a picnic in the park, basking in the warmth of friendship and sunshine. Simple joys, timeless memories. #ParkPicnic #SeniorJoy ",7/8/2023 16:00
631,"Participated in a local theater production, proving that the stage belongs to every age. #TheaterProduction #SeniorActor ",7/9/2023 22:30
632,"Embarked on a hiking adventure, conquering trails and relishing the beauty of nature. Age is just a number on the mountaintop. #HikingAdventure #SeniorHiker ",7/10/2023 14:20
633,Hosted a photography exhibition featuring snapshots of a life well-lived. Every photo has a story to tell. #PhotographyExhibition #SeniorPhotographer ,7/11/2023 18:45
634,"Joined a seniors' cycling club, feeling the wind in my hair and the freedom of the open road. #CyclingClub #SeniorCyclist ",7/12/2023 13:45
635,"Attended a wine tasting event, savoring the richness of flavors that age like fine wine. Cheers to the golden years! #WineTasting #SeniorWineLover ",7/13/2023 20:00
636,"Started learning ballroom dancing, gliding gracefully across the dance floor. Ageless elegance in every step. #BallroomDancing #SeniorDancer ",7/14/2023 16:15
637,"Organized a community painting event, turning blank canvases into a masterpiece of shared creativity. #PaintingEvent #SeniorArtist ",7/15/2023 19:30
638,"Hosted a 'memory lane' evening with old friends, reminiscing about the adventures that shaped our lives. #MemoryLane #SeniorReminiscing ",7/16/2023 14:00
639,"Joined a seniors' astronomy club, stargazing and finding wonder in the vastness of the cosmos. #AstronomyClub #SeniorStargazer ",7/17/2023 22:15
640,"Attended a local jazz festival, tapping toes to the tunes that have stood the test of time. Music, a lifelong love affair. #JazzFestival #SeniorMusicLover ",7/18/2023 16:30
641,"Started a blog sharing the wisdom gained through the years, proving that every day is a chance to learn and grow. #SeniorWisdom #Blog ",7/19/2023 19:45
642,"Participated in a charity run, proving that age is no barrier to supporting meaningful causes. #CharityRun #SeniorRunner ",7/20/2023 17:00
643,"Survived a challenging physics exam. Equations, you won't defeat me! ",8/1/2023 13:30
644,Exploring the world of coding. Debugging is an adventure on its own! #CodingJourney #HighSchoolCoder ,8/2/2023 14:45
645,"Joined the school debate team. Words are my weapons, and I'm ready for battle! ",8/3/2023 12:15
646,"Started a photography club at school. Capturing moments, one snapshot at a time! ",8/4/2023 16:30
647,"Daydreaming about the upcoming prom. The dress, the dance ‚Äì it's a fairytale in the making! ",8/5/2023 19:45
648,Convinced the teacher to have class outdoors. Learning equations with a side of fresh air! ,8/6/2023 14:00
649,"Accidentally spilled paint in art class. Abstract art, right? #ArtClassAdventures #HighSchoolArtist ",8/7/2023 19:45
650,Trying to master the perfect kickflip on my skateboard. Skating into the weekend like a pro! ,8/8/2023 16:00
651,Bonding with friends over the latest K-pop sensation. Fangirling at its finest! ,8/9/2023 22:30
652,Spent hours perfecting a chemistry experiment. Mixing potions like a wizard! ,8/10/2023 14:20
653,Successfully organized a surprise birthday party for a friend. Party planning expert mode: Achieved! ,8/11/2023 18:45
654,"Joined the drama club to unleash my inner actor. Lights, camera, action! ",8/12/2023 13:45
655,Got my hands on the latest fantasy novel. Diving into realms of magic and adventure! ,8/13/2023 20:00
656,Mastering the art of the perfect doodle during boring classes. Doodles: A+! ,8/14/2023 16:15
657,Attempting to break the school record for the longest handstand. Wish me luck! ,8/15/2023 19:30
658,Sneaking snacks into class like a pro. The art of snack-smuggling is a sacred skill! ,8/16/2023 14:00
659,Hosting a sleepover with friends this weekend. Preparing for a night of laughter and memories! ,8/17/2023 22:15
660,"Spent hours on a TikTok dance, only to realize I have two left feet. Dance fail: Unleashed! ",8/18/2023 16:30
661,Accidentally liked my crush's old photo while stalking their profile. Awkward level: Maximum! ,8/19/2023 19:45
662,Tried to impress my crush with a smooth conversation. Ended up spilling my drink. Smooth level: Nonexistent! ,8/20/2023 17:00
663,Mastered the art of creating paper airplanes during lecture. Paper planes: Soaring to new heights! ,8/21/2023 15:45
664,Trying to set a new trend by juggling textbooks between classes. Academic juggling: A unique skill! ,8/22/2023 12:30
665,Hiding a snack stash in my backpack for emergency cravings. Snack ninja mode: Activated! ,8/23/2023 16:45
666,Planning a surprise scavenger hunt for friends. Anticipating the thrill and excitement! ,8/24/2023 18:20
667,Danced in the rain to celebrate the end of exams. Rain dance: Unexpectedly refreshing! ,8/25/2023 14:15
668,Accidentally sent a text meant for a friend to the class group chat. Texting fail: Oops moment! ,8/26/2023 17:30
669,Tried a magic trick to impress classmates. Magic fail: Where did that rabbit go? ,8/27/2023 20:45
670,Perfecting the art of creating origami during a dull lecture. Origami mastery: A+! ,8/28/2023 16:00
671,Attempting to set a new record for the most consecutive hacky sack kicks. Hacky sack skills: Unleashed! ,8/29/2023 13:45
672,Creating a secret handshake with friends. Friendship level: Expert! ,8/30/2023 17:30
673,Embarking on a mission to find the best burger joint in town. Burger connoisseur: Reporting for duty! ,8/31/2023 20:15
674,Practicing a stand-up comedy routine for the upcoming talent show. Comedy gig: In the making! ,9/1/2023 14:45
675,Accidentally sent a love letter to the wrong person. Love note fail: Maximum embarrassment! ,9/2/2023 18:30
676,Attempting to impress the teacher with an elaborate science experiment. Science geek mode: Activated! ,9/3/2023 22:00
677,Crafting intricate friendship bracelets for the whole squad. Friendship level: Expert weaver! ,9/4/2023 15:15
678,Attempting to beat the record for the most consecutive cartwheels. Cartwheel challenge: Underway! ,9/5/2023 12:30
679,Organizing a movie marathon with friends. Popcorn and cinematic adventures await! ,9/6/2023 16:45
680,Experimenting with a new hair color. A bold change for a bold semester! ,9/7/2023 18:20
681,Building a time capsule to capture memories for the future. Time-traveling emotions! ,9/8/2023 14:15
682,Accidentally walked into the wrong classroom on the first day. Classroom mix-up: Awkward start! ,9/9/2023 17:30
683,Trying out a new smoothie recipe for a healthy start to the week. Smoothie enthusiast: Level up! ,9/10/2023 20:45
684,Reflecting on the challenges of the school year. Feeling a bit overwhelmed with assignments. ,9/11/2023 15:45
685,Encountered some mean-spirited comments online. Dealing with online hate is never easy. ,9/12/2023 12:30
686,Had a bad day at school. Everything seems to be going wrong. ,9/13/2023 16:45
687,Feeling down after not making the sports team. Disappointment lingers. ,9/14/2023 18:20
688,Witnessed a heated argument in the cafeteria. Unpleasant atmosphere at lunch. ,9/15/2023 14:15
689,Received a not-so-great grade on a major project. Academic frustration setting in. ,9/16/2023 17:30
690,Dealing with a personal setback. Sometimes life throws unexpected challenges. ,9/17/2023 20:45
691,Feeling lonely on a Saturday night. Sometimes solitude hits harder than expected. ,9/18/2023 22:00
692,Experiencing cyberbullying. Hateful messages online are disheartening. ,9/19/2023 15:15
693,Caught in a torrential rainstorm without an umbrella. Today's weather is just bad luck. ,9/20/2023 12:30
694,Missing an important event due to unforeseen circumstances. A day filled with sadness. ,9/21/2023 16:45
695,Dealing with unfounded rumors circulating about personal life. Rumors can be hurtful. ,9/22/2023 18:20
696,Got a flat tire on the way to an important meeting. Talk about a series of bad events! ,9/23/2023 14:15
697,Feeling a sense of emptiness after a close friend moves away. Farewells are always sad. ,9/24/2023 17:30
698,Facing rejection from a dream college. Disheartened but determined to explore other paths. ,9/25/2023 20:45
699,Encountering online toxicity during a gaming session. Hateful comments can ruin the fun. ,9/26/2023 14:15
700,Having a bad hair day and feeling self-conscious. Bad hair days can affect confidence. ,9/27/2023 17:30
701,Feeling a sense of despair after a major project failure. Hard work didn't pay off this time. ,9/28/2023 22:00
702,Experiencing hate comments for expressing personal opinions. Online negativity prevails. ,9/29/2023 15:45
703,Having a string of bad luck with constant technology malfunctions. Tech troubles galore! ,9/30/2023 18:20
704,Missing out on a long-anticipated event due to unexpected circumstances. A day filled with sadness. ,10/1/2023 14:15
705,Trying out a new study technique for upcoming exams. Exploring different learning strategies. ,10/2/2023 16:45
706,Organizing a community cleanup event for a cleaner neighborhood. Promoting environmental awareness. ,10/3/2023 12:30
707,Sharing favorite book recommendations with classmates. Building a mini book club. ,10/4/2023 18:20
708,Experimenting with a new recipe for a school bake sale. Baking adventures in the kitchen. ,10/5/2023 14:15
709,Collaborating on a school project with peers. Teamwork makes the dream work. ,10/6/2023 17:30
710,Attending a school club meeting to explore new interests. Dabbling in extracurricular activities. ,10/7/2023 20:45
711,Exploring a new part-time job opportunity for gaining work experience. Career development in progress. ,10/8/2023 15:15
712,Attending a school assembly to stay informed about upcoming events and announcements. Staying connected with school activities. ,10/9/2023 22:00
713,Exploring a new hobby of photography during free time. Capturing moments through a lens. ,10/10/2023 14:15
714,Participating in a science fair to showcase a unique experiment. Sharing knowledge with peers. ,10/11/2023 16:45
715,Attending a workshop on time management to enhance organizational skills. Striving for efficiency. ,10/12/2023 18:20
716,Volunteering at a local charity event to give back to the community. Contributing to social causes. ,10/13/2023 12:30
717,Collaborating on a group project to promote teamwork and shared responsibilities. Group effort in action. ,10/14/2023 17:30
718,Participating in a debate club to enhance critical thinking and communication skills. Intellectual engagement in progress. ,10/15/2023 20:45
719,Celebrating a friend's birthday with a surprise party. Joyful moments and laughter all around! ,10/16/2023 15:45
720,Successfully completing a challenging coding project. Excitement for overcoming coding hurdles! ,10/17/2023 12:30
721,Attending a school talent show to support classmates. Applauding the diverse talents on display! ,10/18/2023 16:45
722,"Exploring a new hiking trail with friends over the weekend. Nature, laughter, and good vibes! ",10/19/2023 18:20
723,Winning a friendly sports competition against rival schools. Victory celebrations in full swing! ,10/20/2023 14:15
724,Receiving a heartfelt letter from a pen pal in another country. Connecting across the globe! ,10/21/2023 17:30
725,Creating a beautiful mural with fellow art enthusiasts. The power of collaboration and creativity! ,10/22/2023 20:45
726,Participating in a school-wide art exhibition. Witnessing creativity and spreading positive vibes! ,11/10/2015 16:45
727,Achieving a personal best in a track and field competition. The thrill of victory and self-improvement! ,9/14/2016 12:30
728,Collaborating on a science project that received recognition at a regional fair. Science triumphs and smiles! ,8/18/2017 18:20
729,"Attending a surprise birthday party organized by friends. Surrounded by love, laughter, and good company! ",6/22/2018 14:15
730,Successfully fundraising for a school charity initiative. The joy of giving back to the community! ,4/5/2019 17:30
731,"Participating in a multicultural festival, celebrating diversity with music, dance, and delicious food! ",2/29/2020 20:45
732,"Organizing a virtual talent show during challenging times, bringing smiles to classmates' faces! ",11/15/2020 15:15
